84,Apple iPhone 3GS 16GB,$0.90,$2.43,$2.34
85,Apple iPhone 3GS 32GB,$0.90,$2.70,$2.70
289,BlackBerry Bold 9000,$0.80,$1.60,$1.60
320,Casio gzOne Rock c731,[],$3.20,$4
323,Dell Streak 5,$0.80,$2.40,$2.40
321,Casio gzOne Brigade C741,[],$3.20,$14.40
545,HTC Advantage X7510,[],$6.40,$1.60
591,HTC Nexus One N1,[],$4.74,$5.16
589,HTC HD2 T8585,$7.20,$14.40,$14.40
601,HTC HD2 T9193,$3.20,$6.30,$6.30
601,HTC HD2 T9193,$3.20,$6.30,$6.30
604,HTC HD Mini T5555,[],$4,$4
606,HTC Droid Incredible,[],$4,$4
1165,LG  Pop GD510,[],$1.60,$1.60
2194,Nokia X6,[],$1.60,$1.60
2194,Nokia X6,[],$1.60,$1.60
4677,Apple iPhone 4 16GB (AT&T),$36.90,$72.90,$4
4682,BlackBerry Torch 9800,$4.80,$8.40,$8.40
4682,BlackBerry Torch 9800,$4.80,$8.40,$8.40
4685,HTC Aria A6366,[],$5.67,$6.96
4683,BlackBerry Curve 3g 9300,$2.70,$9,$9
4710,LG dLite GD570,[],$8,$8
4763,Samsung Vibrant SGH-T959,$2.40,$16.80,$3.20
4764,Samsung Intensity II SCH-u460,[],$3.12,$4.10
4763,Samsung Vibrant SGH-T959,$2.40,$16.80,$18.40
4769,Samsung Galaxy S GT-i9000,$4,$24.80,$28.80
4846,Motorola Defy MB525,[],$3.20,$3.20
4868,Apple iPod Classic 4th Generation 20GB,$0.80,$9.60,$9.60
4871,Apple iPod Nano 1st Generation 4GB,$48,$48,$48
4869,Apple iPod Classic 3rd Generation 20GB,$0.80,$4,$4
4873,Apple iPod Classic 3rd Generation 15GB,$0.80,$4.80,$4.80
4874,Apple iPod Nano 1st Generation 2GB,$48,$48,$48
4878,Apple iPod Classic 4th Generation 40GB,$0.80,$9.60,$9.60
4879,Apple iPod Classic 3rd Generation 40GB,$1.60,$4,$4
4882,Apple iPod Classic 5th Generation 30GB,$0.80,$16,$16
4880,Apple iPod Nano 2nd Generation 8GB,[],$8,$8
4883,Apple iPod Classic 5th Generation 60GB,$1.60,$16.80,$16.80
4881,Apple iPod Classic 5th Generation 80GB,$2.40,$20.80,$20.80
4888,Apple iPod Touch 1st Generation 8GB,$0.80,$4,$4
4886,Microsoft Zune 30GB,$1.60,$14.40,$14.40
4889,Apple iPod Touch 1st Generation 16GB,$1.60,$4,$4
4892,Apple iPod Touch 1st Generation 32GB,$1.60,$5.60,$5.60
4890,Apple iPod Nano 3rd Generation 4GB,$1.60,$8,$8
4893,Apple iPod Nano 2nd Generation 4GB,[],$7.20,$7.20
4891,Apple iPod Nano 3rd Generation 8GB,$1.60,$11.20,$11.20
4894,Apple iPod Classic 3rd Generation 10GB,$0.80,$4.80,$4.80
4897,Microsoft Zune 80GB 2nd Generation,$2.40,$14.40,$14.40
4895,Apple iPod Classic 6th Generation 160GB,$6.40,$44,$44
4896,Apple iPod Classic 6th Generation 80GB,$6.40,$44,$44
4902,Apple iPod Classic 6th Generation 120GB,$6.40,$47.20,$47.20
4902,Apple iPod Classic 6th Generation 120GB,$6.40,$47.20,$47.20
4905,Apple iPod Nano 4th Generation 16GB,$3.20,$15.20,$15.20
4908,Apple iPod Touch 2nd Generation 32GB,$5.60,$20.80,$20.80
4906,Apple iPod Touch 2nd Generation 8GB,$1.60,$10.50,$10.50
4909,Microsoft Zune 2nd GEN 120GB,$3.20,$9.60,$9.60
4907,Apple iPod Touch 2nd Generation 16GB,$3.20,$16,$16
4910,Apple iPod Nano 5th Generation 8GB,$4,$17.60,$17.60
4913,Apple iPod Touch 3rd Generation 32GB,$6.40,$24,$24
4911,Apple iPod Nano 5th Generation 16GB,$3.75,$22.50,$22.50
4914,Microsoft Zune HD 16GB,$0.80,$16,$16
4912,Apple iPod Touch 3rd Generation 8GB,$3.20,$20.80,$20.80
4920,Apple iPod Nano 1st Generation 1GB,$48,$48,$48
4944,Apple iPod Classic 3rd Generation 30GB,$0.80,$6.40,$6.40
4962,Apple iPod Touch 3rd Generation 64GB,$8.80,$36,$36
4963,Microsoft Zune HD 32GB,$0.80,$24,$24
4998,Microsoft Zune 2nd GEN 16GB ,$0.80,$9.60,$9.60
6930,Microsoft Zune HD 64GB,$10.40,$36.80,$36.80
6930,Microsoft Zune HD 64GB,$10.40,$36.80,$36.80
6956,Apple iPod Shuffle 4th Generation 2GB,[],$5.60,$5.60
6959,Apple iPod Touch 4th Generation 8GB,$6.30,$40.50,$38
6957,Apple iPod Nano 6th Generation 8GB,$4,$22.50,$22.50
6960,Apple iPod Touch 4th Generation 32GB,$9.02,$50.70,$50.70
6958,Apple iPod Nano 6th Generation 16GB,$6.40,$36,$36
6961,Apple iPod Touch 4th Generation 64GB,$8.80,$68,$68
7080,BlackBerry Bold 9780 (T-Mobile),$3.20,$10.50,$10.50
7080,BlackBerry Bold 9780 (T-Mobile),$3.20,$10.50,$10.50
7085,HTC Trophy,[],$3.20,$3.20
7086,HTC myTouch 4G,[],$7.20,$10.40
7091,HTC HD7 PD29110,[],$4,$4
7092,HTC 7 Mozart,[],$6.40,$6.40
7103,LG Quantum C900,[],$3.20,$3.20
7111,LG Octane VN530,[],$3.20,$4
7140,Samsung Galaxy S Mesmerize SCH-i500,$1.60,$5.60,$5.60
7138,Samsung Nexus S SPH-D720,[],$4.50,$4.50
7140,Samsung Galaxy S Mesmerize SCH-i500,$1.60,$5.60,$5.60
7151,Samsung Focus SGH-i917,$1.60,$6.40,$6.40
7167,Dell Venue Pro,[],$4,$12
7223,Apple iPhone 4 16GB (Verizon),$13.35,$36.45,$46.20
7227,HTC Freestyle F5151,[],$3.56,$3.56
7225,HTC Inspire 4G,$6.08,$21.32,$27.52
7227,HTC Freestyle F5151,[],$3.56,$3.56
7240,Apple iPad 32gb WiFi,[],$33,$33
7243,Apple iPad 64gb WiFi,$9.60,$32,$36
7241,Apple iPad 16gb WiFi + 3G,[],$16,$16
7244,Apple iPad 16gb WiFi,[],$28,$28
7242,Apple iPad 64gb WiFi+ 3G,$12,$44,$48
7245,Apple iPad 32gb WiFi + 3G,[],$18.75,$18.75
7248,HP Slate 500 1.86ghz 64GB,[],$28,$28
7246,Asus Eee Slate 12.1-inch 32GB,$4,$56,$56
7247,Asus Eee Slate  12.1-inch 64GB,$4,$72,$72
7250,Motorola Xoom Wifi + 3G 32gb,[],$32,$32
7256,Samsung Galaxy Tab (Sprint),[],$8,$12
7256,Samsung Galaxy Tab (Sprint),[],$8,$12
7259,Samsung Galaxy Tab (U.S. Cellular),[],$8,$12
7257,Samsung Galaxy Tab (AT&T),[],$8,$12
7260,Samsung Galaxy Tab 32GB 3G (Unlocked),[],$16.80,$16.80
7263,Samsung Galaxy Tab (Verizon),[],$8.80,$12.80
7262,Samsung Galaxy Tab 16GB 3G (Unlocked),[],$8.80,$12.80
7303,Amazon Kindle DX Graphite,[],$12,$12
7303,Amazon Kindle DX Graphite,[],$12,$12
7304,Amazon Kindle 3 WiFi,[],$5.60,$5.60
7307,Amazon Kindle DX,[],$12,$12
7319,Barnes & Noble Nook Color,[],$0.80,$0.80
7320,Barnes & Noble Nook WiFi + 3G,[],$0.80,$0.80
10295,HTC Thunderbolt 4G,[],$6.30,$7
10295,HTC Thunderbolt 4G,[],$6.30,$7
10303,Motrola Atrix 4G MB860,$1.60,$9.60,$11.20
10301,LG Neon II GW370,[],$0.80,$0.80
10303,Motrola Atrix 4G MB860,$1.60,$9.60,$11.20
10320,Apple iPad 2 16gb Wifi,$16,$106.40,$106.40
10319,Apple iPad 2 16gb WiFi + 3G (AT&T),$20.80,$104,$104.80
10322,Apple iPad 2 16gb WiFi + 3G (Verizon),$16,$104,$104.80
10320,Apple iPad 2 16gb Wifi,$16,$106.40,$106.40
10323,Apple iPad 2 32gb WiFi + 3G (Verizon),$16,$109.60,$111.20
10326,Apple iPad 2 64gb WiFi,$21.60,$124,$124
10324,Apple iPad 2 64gb WiFi + 3G (Verizon),$15,$111,$111.75
10327,Apple iPad 2 64gb WiFi + 3G (AT&T),$16,$118.40,$119.20
10325,Apple iPad 2 32gb WiFi,$16,$116,$116
10352,BlackBerry Playbook 16GB,[],$12,$12
10373,LG G-Slate,[],$20,$20
12030,Sony PSP Slim,$0.80,$2.40,$2.40
12042,Sony PSP 3000,$2.40,$6.40,$6.40
12042,Sony PSP 3000,$2.40,$6.40,$6.40
12047,Sony PSP Go,$4,$4,$4
12076,Nintendo DS Lite,$2.40,$8,$8
12079,Nintendo DS,[],$5.60,$5.60
12436,Pantech Pocket P9060,[],$3.20,$3.20
12439,Samsung Galaxy S II Skyrocket SGH-I727,$6.40,$37.20,$37.20
12438,Samsung Stratosphere SCH-i405,[],$2.40,$5.60
12441,Motorola Droid XYBOARD 10.1 32GB,[],$28,$28
12444,Motorola Droid XYBOARD 8.2 32GB,[],$24,$24
12442,Motorola Droid XYBOARD 10.1 64GB,[],$32,$32
12445,Motorola Droid XYBOARD 10.1 16GB,[],$24,$24
12443,Motorola Droid XYBOARD 8.2 16GB,[],$24,$24
12449,LG DoublePlay C729,[],$3.16,$3.32
12447,Samsung Galaxy Tab 8.9 16GB Wifi,[],$24,$24
12448,Amazon Kindle Touch Wifi,[],$6.40,$6.40
12451,Samsung Exhibit II 4G SGH-T679,[],$9.60,$10.80
12459,LG MyTouch T 4G E739,$1.46,$3.25,$4.38
12460,Sony Xperia Ion  LT28AT,$8,$19.80,$19.80
12463,Samsung Galaxy S Blaze 4G SGH-T769,$4,$19.20,$23.20
12461,LG Viper LS840,[],$3.20,$3.20
12465,Samsung Galaxy Note GT-N7000,$13.77,$71.76,$77.90
12468,Nokia Lumia 900,$4.05,$16.38,$17.22
12467,Samsung Galaxy Note GT-I9220,$6.48,$39,$45.10
12470,Samsung Galaxy S II SGH-T989,$7.04,$45.82,$55.30
12468,Nokia Lumia 900,$4.05,$16.38,$17.22
12475,Motorola Droid 4 XT894,$3.24,$15.60,$16.40
12817,Samsung Focus 2 SGH-I667,$0.80,$6.40,$6.40
12847,Samsung Galaxy Exhilarate SGH-i577,[],$12.60,$25.20
12847,Samsung Galaxy Exhilarate SGH-i577,[],$12.60,$25.20
12851,Apple iPad 3rd Generation 32GB 4G (AT&T),$28,$140,$140
12851,Apple iPad 3rd Generation 32GB 4G (AT&T),$28,$140,$140
12854,Apple iPad 3rd Generation 64GB Wifi,$27.20,$131.25,$131.25
12857,Apple iPad 3rd Generation 32GB Wifi,$28,$136.80,$136.80
12855,Apple iPad 3rd Generation 16GB 4G (AT&T),$26.40,$130.40,$130.40
12858,Apple iPad 3rd Generation 64GB 4G (Verizon),$28,$123.75,$123.75
12856,Apple iPad 3rd Generation 64GB 4G (AT&T),$29.60,$144,$144
12859,Apple iPad 3rd Generation 32GB 4G (Verizon),$28,$134.40,$134.40
12860,Acer Iconia Tab A100  7-inch 8GB,[],$12,$12
12861,Acer Iconia Tab A100  7-inch 16GB,[],$16,$16
12899,Samsung Galaxy Tab 8.9 16GB 3G (Unlocked),[],$28,$28
12900,Samsung Galaxy Tab 8.9 32GB 3G (Unlocked),$4,$32,$32
12903,Asus Eee Pad Slider 16GB,[],$28,$28
12901,Samsung Galaxy Tab 8.9 32GB Wifi and 3G,$4,$40,$40
12913,Toshiba Thrive 10.1 Inch 16GB AT105-T1016,[],$24,$24
12914,Sony Tablet S 32GB SGPT112,[],$20,$20
12912,Toshiba Thrive 10.1 Inch 32GB AT105-T1032,[],$24,$24
12915,Sony Tablet S 16GB SGPT111,[],$20,$40
12916,Samsung Series 7 11.6 Inch 128GB Slate XE700T1A-A03US,$20,$140,$140
12917,Samsung Series 7 11.6 Inch 64GB Slate XE700T1A-A01US,$20,$128,$128
12923,Lenovo IdeaPad K1,[],$24,$24
12922,Vizio 8 Inch WiFi VTAB1008,[],$12,$12
12928,Lenovo ThinkPad 64GB WiFi,$1.60,$52,$54.40
12926,Lenovo ThinkPad 16GB WiFi,[],$28,$28
12927,Lenovo ThinkPad 32GB WiFi,$4,$36,$36
12934,"Samsung Galaxy Tab 2 GT-P3113 8GB, Wi-Fi, 7in",[],$16,$16
12936,LG Optimus Black P970,[],$11.70,$12.30
12955,Samsung Galaxy Ace S5830,[],$7.20,$7.20
12958,Samsung Galaxy R I9103 ,[],$24,$24
12961,Samsung Matrix SPH-N270,[],$44,$44
12972,HTC Rezound ADR6425,$6.30,$23.80,$25.90
13035,Motorola Droid RAZR XT910,[],$21.60,$23.40
13036,Motorola Atrix HD MB886,$6.09,$26.88,$32.19
13047,Samsung  Brightside SCH-U380,[],$3.20,$4
13316,Apple MacBook Pro Core i5 2.53ghz 17in 256GB SSD Super Drive,$40,$160,$160
13316,Apple MacBook Pro Core i5 2.53ghz 17in 256GB SSD Super Drive,$40,$160,$160
13319,Apple MacBook Pro Core i7 2.66ghz 17in 500GB Super Drive,$20,$68,$120
13317,Apple MacBook Pro Core i5 2.53ghz 17in 128GB SSD Super Drive,$40,$160,$160
13324,Apple MacBook Pro Core i5 2.53ghz 17in 512GB SSD Super Drive,$40,$160,$160
13325,Apple MacBook Pro Core i5 2.53ghz 17in 500GB Super Drive,$40,$160,$160
13326,Apple MacBook Pro Core 2 Duo T9500 2.5GHZ 17in 250GB Super Drive,$8,$24,$32
13338,Apple MacBook Pro Intel Quad-Core i7 2.3GHz 17in SuperDrive 750GB,$40,$140,$200
13336,Apple MacBook Pro Intel Quad-Core i7 2.3GHz 17in SuperDrive 500GB,$40,$140,$200
13339,Apple MacBook Pro Intel Quad-Core i7 2.3GHz 17in SuperDrive 256GB SSD,$24,$120,$180
13337,Apple MacBook Pro Intel Quad-Core i7 2.3GHz 17in SuperDrive 512GB SSD,$40,$140,$200
13348,Apple MacBook Pro Intel Quad-Core i7 2.2GHz 17in SuperDrive 500GB,$40,$140,$200
13347,Apple MacBook Pro Intel Quad-Core i7 2.2GHz 17in SuperDrive 750GB,$40,$140,$200
13350,Apple MacBook Pro Intel Core 2 Duo 2.33ghz 17in 160gb Super Drive,$1.60,$12,$16
13354,Apple MacBook Pro Intel Quad-Core i7 2.2GHz 17in SuperDrive 128GB SSD,$40,$140,$200
13352,Apple MacBook Pro Intel Quad-Core i7 2.2GHz 17in SuperDrive 256GB SSD,$40,$140,$200
13362,Apple MacBook Pro Intel Core 2 Duo 2.4GHz 17in DVD-Writer 160GB,$1.60,$12,$16
13366,Apple MacBook Pro 15in Intel Quad-Core i7 2.2GHz SuperDrive 256GB SSD,$56,$400,$400
13373,Apple MacBook Pro Intel Core 2 Duo 2.5GHz 17in DVD SuperDrive 320GB,$1.60,$12,$16
13373,Apple MacBook Pro Intel Core 2 Duo 2.5GHz 17in DVD SuperDrive 320GB,$1.60,$12,$16
13396,Apple MacBook Pro Intel Core Duo 2.16GHz 17in DVD-Writer 120GB,$1.60,$12,$16
13406,Apple MacBook Pro Intel Core 2 Duo T7600 2.33GHz 17in Super Drive 120GB,$1.60,$12,$16
13406,Apple MacBook Pro Intel Core 2 Duo T7600 2.33GHz 17in Super Drive 120GB,$1.60,$12,$16
13410,Apple MacBook Pro Intel Core 2 Duo 2.66GHz 17in SuperDrive 320GB,$1.60,$12,$16
13417,Apple MacBook Pro Intel Core 2 Duo 2.93GHz 17in SuperDrive 320GB,$1.60,$12,$16
13415,Apple MacBook Pro Intel Core 2 Duo 3.06GHz 17in SuperDrive 500GB,$1.60,$12,$16
13418,Apple MacBook Pro Intel Core 2 Duo 2.6GHz 17in Super Drive 200GB,$1.60,$12,$16
13416,Apple MacBook Pro Intel Core 2 Duo 2.8GHz 17in SuperDrive 500GB,$1.60,$12,$16
13447,Apple MacBook Air 13in Intel Core i7 1.8GHz 256GB SSD (Mid 2011),$60,$320,$320
13463,Apple MacBook Pro 15in Intel Core 2 Duo 3.06GHz SD Unibody 320GB HD SuperDrive,$4,$16,$20
13467,Apple MacBook Pro 17in Intel Core 2 Duo 2.66GHz Unibody 256GB SSD SuperDrive,$8,$40,$48
13465,Apple MacBook Pro 15in Intel Core 2 Duo 3.06GHz SD Unibody 256GB SSD SuperDrive,$4,$16,$20
13468,Apple MacBook Pro 17in Intel Core 2 Duo 2.93GHz Unibody 128GB SSD SuperDrive,$4,$16,$20
13466,Apple MacBook Pro 17in Intel Core 2 Duo 2.66GHz Unibody 128GB SSD SuperDrive,$4,$16,$20
13469,Apple MacBook Pro 17in Intel Core 2 Duo 2.93GHz Unibody 256GB SSD SuperDrive,$4,$16,$20
13624,Sony PS VITA W- WIFI,$8,$44,$44
13625,Sony PS VITA W- WIFI & 3G,$8,$48,$48
13639,BlackBerry Bold 9900 (AT&T),$14.40,$39.90,$39.90
13637,HTC EVO Design 4G X715C (Other Carrier),[],$4.80,$4.80
13640,BlackBerry Bold 9900 (T-Mobile),$15.84,$46.17,$49.59
13638,HTC EVO Design 4G X715C (Sprint),[],$4.80,$5.40
13641,BlackBerry Bold 9930 (Sprint),$9.68,$34.02,$36.54
13642,BlackBerry Bold 9930 (Verizon),$8.80,$34.02,$36.54
13654,BlackBerry Bold 9650 (Sprint),$0.80,$2.40,$2.40
13652,BlackBerry 9360 Curve (T-Mobile),$4.15,$7.48,$9.24
13655,BlackBerry Bold 9650 (Verizon),$0.80,$2.40,$2.40
13653,BlackBerry Bold 9650 (Other Carrier),$0.88,$2.43,$2.61
13666,BlackBerry Curve 8520 (AT&T),$1.60,$8,$8
13667,BlackBerry Curve 8520 (T-Mobile),$3.52,$8.10,$8.70
13671,BlackBerry Curve 8900 (AT&T),$1.76,$1.62,$1.74
13672,BlackBerry Curve 8900 (T-Mobile),$1.60,$1.60,$1.60
13675,BlackBerry Curve 9360 (AT&T),$3.20,$10.40,$10.40
13685,BlackBerry Torch 9810 (AT&T),$4.80,$13.80,$13.80
13686,BlackBerry Torch 9810 (T-Mobile),$9,$23.80,$23.80
13689,BlackBerry Torch 9850 (Verizon),$2.64,$9.72,$10.44
13687,BlackBerry Torch 9850 (Other Carrier),$2.64,$8.91,$9.57
13688,BlackBerry Torch 9850 (Sprint),$2.64,$8.91,$9.57
13696,Dell Venue (AT&T),[],$8,$16
13697,Dell Venue (T-Mobile),[],$4,$16
13704,HTC Pro 7 (Other Carrier),[],$1.60,$1.60
13714,LG Cosmos VN250 (Verizon),[],$3.20,$4
13741,Motorola Photon 4G MB855 (Other Carrier),$2.40,$8,$8
13742,Motorola Photon 4G MB855 (Sprint),$2.61,$13.44,$13.92
13765,Samsung Droid Charge SCH-I510 (Verizon),$4.80,$9.60,$9.60
13766,Samsung Fascinate SCH-i500 (Verizon),$1.62,$9.36,$9.84
13767,Samsung Galaxy S III SCH-I535(Verizon),$15.77,$59.94,$55.08
13770,Samsung Galaxy S III SGH-T999 (T-Mobile),$22.04,$94.83,$88
13768,Samsung Galaxy S III SCH-R530 (Other Carrier),$7.29,$34.20,$36
13771,Samsung Galaxy S III SPH-L710  (Sprint),$12.15,$56.94,$67.24
13769,Samsung Galaxy S III SGH-I747 (AT&T),$21.45,$93.28,$101.64
13778,Samsung Showcase SCH-i500 (Other Carrier),$1.60,$6.40,$6.40
13779,Samsung Showcase SCH-i500 (Verizon),$1.62,$7.80,$8.20
13786,Sony-Ericsson Xperia Play (AT&T),$5.60,$7.20,$7.20
13790,Apple iPhone 5 16GB (AT&T),$96.28,$162,$187.92
13788,LG Marquee LS855 (Sprint),[],$3.20,$3.20
13791,Apple iPhone 5 32GB (AT&T),$87.32,$170,$183.60
13792,Apple iPhone 5 64GB (AT&T),$79.18,$188.70,$188.70
13795,Apple iPhone 5 64GB (Verizon),$89.28,$213.35,$228.60
13793,Apple iPhone 5 16GB (Verizon),$93.10,$192.80,$192.80
13796,Apple iPhone 5 16GB (Sprint),$48.30,$124,$124
13794,Apple iPhone 5 32GB (Verizon),$89.28,$204.85,$216.90
13797,Apple iPhone 5 32GB (Sprint),$45.54,$128.65,$140.27
13800,Motorola Droid RAZR M XT907,$8.10,$29.70,$31.54
13798,Apple iPhone 5 64GB (Sprint),$46.23,$139.44,$139.44
13801,Samsung Galaxy Victory SPH-L300,[],$4.50,$4.50
13799,LG Escape P870,[],$17.55,$22.63
13802,HTC Droid Incredible 4G AGR6410,$6.16,$23.70,$25.80
13805,Samsung Galaxy Stellar 4G SCH-i200,$0.80,$3.20,$8
13803,Samsung Galaxy S III GT-i9300,$14.58,$71.76,$84.46
13806,Samsung Galaxy S Relay 4G SGH-T699,[],$21.84,$22.96
13807,LG Intuition VS950,$7.30,$13,$14.60
13810,HTC Evo 4G LTE APX325CKT,$1.76,$15.80,$17.20
13808,BlackBerry Bold 9780 (AT&T),$4.40,$10.53,$11.31
13811,Motorola Photon Q 4G LTE,$1.74,$10.08,$13.05
13809,BlackBerry Bold 9700 (T-Mobile),$3.52,$10.53,$11.31
13820,Samsung Galaxy S II SCH-R760 (U.S. Cellular),$3.24,$13.26,$14.76
13821,LG Spectrum 2 LG-VS930,$2.19,$24.05,$27.74
13822,LG G2X,$2.19,$15.60,$18.98
13825,Samsung Galaxy Note II SCH-i605,$25.80,$88.80,$102.35
13823,Motorola Droid RAZR MAXX HD,$11.18,$70.47,$76.56
13826,Samsung Galaxy Note II SGH-T889,$25.20,$127.50,$130.20
13824,Samsung Galaxy Note II SGH-i317,$26.04,$111.39,$131.97
13827,Nokia Lumia 920,$4.45,$39.10,$39.10
13828,Nokia Lumia 822,$5.34,$17.85,$17.85
13833,Nintendo Wii U 8GB Basic Set,$12,$56,$56
13834,Nintendo Wii U 32GB Deluxe Set,$12,$56,$56
13837,Nintendo Gameboy Advance Micro,$0.80,$2.40,$2.40
13840,Nintendo Gameboy Color,[],$4,$4
13841,Nintendo 3DS XL,$16,$44,$45.60
13845,HTC Windows Phone 8x (T-Mobile),$6.16,$29.23,$31.82
13843,HTC Windows Phone 8x (AT&T),$8.80,$27.65,$30.10
13846,HTC Windows Phone 8x (Verizon),$5.28,$30.81,$33.54
13844,HTC One VX,$2.64,$37.92,$44.72
13847,LG Optimus G E970 ,$4.38,$47.45,$59.13
13850,LG Optimus G LS970,$1.46,$22.10,$32.12
13849,LG Nexus 4 E960,$15.33,$63.70,$76.65
13852,LG Optimus L9,$1.74,$23.40,$26.40
13853,Nokia Lumia 810,[],$25.50,$25.50
13854,Pantech Flex,[],$12,$12
13857,Samsung Galaxy Express SGH-i437,$2.43,$24.18,$26.24
13860,Apple iPod Touch 5th Generation 32GB ,$31.32,$78.20,$82.80
13858,Samsung Galaxy Note II SPH-R950 (U.S. Cellular),$13.77,$42.12,$44.28
13861,Apple iPod Nano 7th Generation 16GB ,[],$29.25,$29.25
13859,Samsung Galaxy Note II SPH-L900 (Sprint),$22.10,$71.71,$77.77
13862,Apple iPod Touch 5th Generation 64GB ,$28.80,$105,$105
13866,HTC Evo V (Virgin Mobile),[],$4.80,$4.80
13867,HTC Droid DNA,$23.76,$75.84,$87.72
13866,HTC Evo V (Virgin Mobile),[],$4.80,$4.80
13872,LG Optimus 3D Max P720,[],$4,$4
13870,LG Optimus L9 P760,[],$16.25,$20.44
13871,LG Optimus 4X HD P880,[],$13,$18.25
13880,LG Splendor US730,[],$1.40,$1.40
13884,Samsung Galaxy Rugby Pro SGH-i547,$8.10,$32.76,$34.44
13885,Samsung Galaxy Note SGH-T879,$4.05,$55.38,$59.86
13889,Samsung Galaxy S Aviator SCH-R930,[],$0.80,$0.80
13893,Samsung Galaxy Nexus SPH-L700,$1.62,$7.02,$9.02
13897,Apple iPad 4th Generation 64GB WiFi + 4G (AT&T),[],$200.80,$200.80
13895,Apple iPad 4th Generation 16GB WiFi + 4G (AT&T),$39.20,$144.75,$155.25
13898,Apple iPad 4th Generation 128GB WiFi + 4G (AT&T),[],$222.70,$222.70
13896,Apple iPad 4th Generation 32GB WiFi + 4G (AT&T),$36.80,$180.80,$180.80
13899,Apple iPad 4th Generation 16GB WiFi + 4G (Sprint),[],$146.40,$146.40
13902,Apple iPad 4th Generation 128GB WiFi + 4G (Sprint),[],$208.25,$208.25
13900,Apple iPad 4th Generation 32GB WiFi + 4G (Sprint),[],$144.80,$144.80
13903,Apple iPad 4th Generation 16GB WiFi + 4G (Verizon),$35.20,$174.40,$174.40
13901,Apple iPad 4th Generation 64GB WiFi + 4G (Sprint),[],$140.80,$140.80
13904,Apple iPad 4th Generation 32GB WiFi + 4G (Verizon),$30.40,$151.20,$152
13907,Apple iPad 4th Generation 16GB WiFi ,$28.80,$157.50,$157.50
13905,Apple iPad 4th Generation 64GB WiFi + 4G (Verizon),$39.10,$193.80,$193.80
13908,Apple iPad 4th Generation 32GB WiFi ,$36,$188,$188
13906,Apple iPad 4th Generation 128GB WiFi + 4G (Verizon),[],$198.05,$198.05
13909,Apple iPad 4th Generation 64GB WiFi ,$42.40,$213.60,$213.60
13910,Apple iPad 4th Generation 128GB WiFi ,$14,$255,$255
13922,Apple iPad Mini  64GB WiFi,[],$160,$72
13920,Apple iPad Mini  16GB WiFi,$16.80,$88,$88
13923,Apple iPhone 4S 16GB (Other Carrier),$23.10,$71.28,$72.90
13921,Apple iPad Mini  32GB WiFi,$12,$124,$124
13924,Apple iPhone 4S 32GB (Other Carrier),$28.16,$69.72,$69.72
13927,Apple iPhone 5 16GB (Other Carrier),$45.26,$89.10,$108.75
13925,Apple iPhone 4S 64GB (Other Carrier),$28.16,$55.44,$67.20
13928,Apple iPhone 5 32GB (Other Carrier),$41.04,$101.25,$116.10
13926,Apple iPhone 4 8GB (Other Carrier),$10.80,$32.93,$32.93
13929,Apple iPhone 5 64GB (Other Carrier),$43.92,$81,$107.50
13932,Microsoft Surface Pro 64GB,[],$100,$100
13930,Microsoft Surface RT 32GB,[],$72,$72
13933,Microsoft Surface Pro 128GB,[],$108,$108
13931,Microsoft Surface RT 64GB,[],$88,$90.40
13959,Apple iPhone 4 8GB (T-Mobile),$13.92,$51.48,$54.78
13962,Apple iPhone 5 32GB (T-Mobile),$54.75,$129.50,$157.25
13960,Apple iPhone 4S 16GB (T-Mobile),$42,$103.74,$109.06
13963,Apple iPhone 5 64GB (T-Mobile),$43.80,$129.50,$157.25
13961,Apple iPhone 5 16GB (T-Mobile),$67.50,$119.60,$158.24
13964,BlackBerry Curve 9315 (T-Mobile),[],$5.60,$5.60
13967,BlackBerry Z10 4G (Verizon),$11.44,$77.76,$83.52
13965,BlackBerry Z10 4G (T-Mobile),$10.56,$67.23,$87.87
13966,BlackBerry Z10 4G (AT&T),$10.56,$67.23,$72.21
13969,HTC First (AT&T),$2.64,$34.76,$39.56
13972,HTC One (T-Mobile),$29.75,$114.75,$134.85
13970,HTC One (AT&T),$23.52,$103.49,$123.12
13971,HTC One (Sprint),$18,$70.20,$88.20
13974,HTC One X+,$16.72,$68.73,$80.84
13992,LG Nexus 4 (T-Mobile),$14.60,$63.05,$72.27
13991,LG Lucid2 VS870,[],$12.35,$15.33
13998,LG Spirit 4G MS870,[],$6.50,$7.30
14002,Motorola RAZR HD XT926,$11.31,$44.52,$58.29
14000,Motorola Electrify 2 XT881,[],$11.76,$13.92
14003,Nokia Lumia 820,[],$18.70,$22.10
14001,Motorola Electrify M XT901,[],$6.30,$6.30
14004,Pantech Discover 4G,[],$26.40,$26.40
14012,Samsung ATIV Odyssey SCH-I930,[],$4.80,$4.80
14018,Samsung Galaxy S II 4G GT-I9210T (Virgin Mobile),[],$3.90,$4.10
14019,Samsung Galaxy S4 SCH-I545 (Verizon),$48.24,$127.10,$142.80
14022,Samsung Galaxy S4 SGH-M919 (T-Mobile),$61.41,$136.80,$159.60
14020,Samsung Galaxy S4 SCH-R970 (Other Carrier),$16.20,$71.25,$71.25
14023,Samsung Galaxy S4 SPH-L720 (Sprint),$58.50,$133.50,$139.50
14021,Samsung Galaxy S4 SGH-I337 (AT&T),$47.88,$118.68,$164.26
14028,Samsung Rugby III SGH-A997,[],$2.40,$2.40
14029,Samsung Stratosphere II SCH-I415,[],$3.90,$12.30
14031,Sony Xperia TL 4G LT30AT,$8,$21,$21
14042,Apple iPhone 5c 16GB (T-Mobile),$36,$133.65,$133.65
14043,Apple iPhone 5c 16GB (AT&T),$65.52,$140.60,$155.40
14041,Apple iPhone 5c 16GB (Sprint),$46.80,$67.67,$81.90
14044,Apple iPhone 5c 16GB (Verizon),$110.70,$193.55,$210.70
14047,Apple iPhone 5c 32GB (AT&T),$77.52,$144.30,$144.30
14045,Apple iPhone 5c 32GB (Sprint),$53.25,$98.04,$116.10
14048,Apple iPhone 5c 32GB (Verizon),$86.40,$195.36,$199.80
14046,Apple iPhone 5c 32GB (T-Mobile),$39.60,$129.60,$129.60
14049,Apple iPhone 5s 16GB (AT&T),$111.60,$227.14,$232.68
14052,Apple iPhone 5s 16GB (Verizon),$142.40,$260.82,$270.48
14050,Apple iPhone 5s 16GB (Sprint),$98.56,$170.52,$170.52
14053,Apple iPhone 5s 32GB (AT&T),$128.88,$229.91,$268.20
14051,Apple iPhone 5s 16GB (T-Mobile),$84.70,$174.75,$193.39
14054,Apple iPhone 5s 32GB (Sprint),$82.28,$175.50,$175.50
14057,Apple iPhone 5s 64GB (AT&T),$118.80,$229.08,$252.90
14055,Apple iPhone 5s 32GB (T-Mobile),$91.70,$201,$222.44
14058,Apple iPhone 5s 64GB (Sprint),$62.56,$156,$156
14056,Apple iPhone 5s 32GB (Verizon),$105.60,$247.94,$276.92
14059,Apple iPhone 5s 64GB (T-Mobile),$70,$187.50,$215.80
14062,Motorola Droid Mini  XT1030,$4.35,$47.88,$53.94
14060,Apple iPhone 5s 64GB (Verizon),$97.28,$250.25,$279.50
14063,Motorola Droid Ultra XT1080,$21.06,$53.94,$90
14061,Motorola Droid MAXX  XT1080M,$23.49,$105.84,$114.84
14064,Motorola Moto X (16GB) XT 1058,$10.44,$92.40,$100.92
14065,Motorola Moto X (32GB) XT 1058,$9.57,$67.20,$76.56
14068,Nokia Lumia 521,[],$12.75,$14.45
14066,Motorola Moto X XT 1060,$9.57,$67.20,$69.60
14069,Nokia Lumia 925 (AT&T),$5.34,$45.05,$47.60
14072,Samsung Galaxy Mega SGH-i9205,$28.35,$105.30,$124.64
14070,Nokia Lumia 925 (T-Mobile),$7.12,$70.55,$76.50
14071,Nokia Lumia 928,$4.45,$56.95,$63.75
14074,BlackBerry Q10 (Sprint),$22,$72.90,$82.65
14077,BlackBerry Q10 (T-Mobile),$30.80,$93.15,$100.05
14075,BlackBerry Q10 (Verizon),$30.80,$109.35,$117.45
14078,LG Optimus G Pro ,$18.98,$78.65,$102.20
14076,BlackBerry Q10 (AT&T),$22.88,$93.15,$100.05
14080,HTC One Mini,$8.80,$79,$95.46
14083,Samsung Galaxy Note III (T-Mobile),$98.10,$200.80,$198.29
14081,HTC 8XT,[],$11.85,$12.90
14084,Samsung Galaxy Note III (Verizon),$77.70,$198.29,$223.39
14082,Samsung Galaxy Note III (AT&T),$63.22,$153.11,$213.35
14085,Samsung Galaxy Note III (Sprint),$60.90,$129.58,$188.10
14088,Samsung Galaxy SIII Mini (AT&T),$6.48,$37.44,$43.46
14086,Samsung Galaxy Note III (US Cellular),$36.45,$97.50,$102.50
14089,Samsung ATIV S Neo (AT&T),$1.62,$25.74,$36.08
14087,Samsung Galaxy Mega i527 (AT&T),$31.20,$136.12,$156.40
14090,Samsung ATIV S Neo (Sprint),$0.81,$11.70,$12.30
14091,Samsung Galaxy S4 Active (AT&T),$22.95,$67.10,$82.20
14095,LG G2 (AT&T),$34.16,$86.46,$84.32
14098,Apple iPhone 4S 8GB (AT&T),$36.72,$88.80,$111.80
14096,LG G2 (T-Mobile),$38.35,$81.09,$125.06
14099,Apple iPhone 4S 8GB (Sprint),$36.90,$73.60,$80.96
14100,Apple iPhone 4S 8GB (Verizon),$25.20,$72.20,$79.80
14104,Nokia Lumia 1020 (AT&T),$26.70,$129.20,$131.75
14102,Apple iPhone 4S 8GB (Unlocked),$32.80,$30,$34.40
14105,Apple iPod Touch 5th Generation 16GB (No iSight),$28.80,$76,$76
14104,Nokia Lumia 1020 (AT&T),$26.70,$129.20,$131.75
14108,Samsung Galaxy Tab 3 16GB 10.1 WiFi,[],$40,$41.60
14109,Samsung Galaxy Tab 3 32GB 10.1 WiFi,[],$40,$40
14116,Microsoft Surface 2 32GB,[],$120,$120
14117,Microsoft Surface 2 64GB,[],$120,$120
14120,Microsoft Surface Pro 2 256GB,[],$340,$340
14118,Microsoft Surface Pro 2 64GB,[],$192,$192
14121,Microsoft Surface Pro 2 512GB,[],$392,$392
14119,Microsoft Surface Pro 2 128GB,[],$280,$280
14122,Acer Iconia a700 16GB,[],$16,$16
14123,Acer Iconia a700 32GB,[],$20,$20
14124,Acer Iconia a700 64GB,[],$22.40,$22.40
14132,"Asus VivoTab 11.6""",[],$68,$68
14133,"Asus Transformer Pad 300 10.1""",[],$16,$16
14140,Toshiba AT300 16GB,[],$9.60,$9.60
14138,Toshiba Encore 32GB,[],$32,$32
14139,Toshiba Excite 10 SE 16GB,[],$6.40,$6.40
14150,Lenovo Yoga Tablet 10 32GB,[],$37.60,$48
14151,Lenovo IdeaTab A1000 8GB,[],$8,$8
14152,Lenovo IdeaTab A1000 16GB,[],$44,$48
14157,Lenovo Lenovo Miix 10 64GB,[],$61.60,$28.80
14160,Lenovo ThinkPad Helix 128GB with Mobile Broadband,[],$98.40,$104
14158,Lenovo IdeaTab Lynx 64GB,[],$62.40,$64
14161,Lenovo ThinkPad Helix 180GB,[],$120,$124
14159,Lenovo ThinkPad Helix 128GB,[],$120,$124
14162,Lenovo ThinkPad Helix 180GB with Mobile Broadband,[],$112.80,$120
14163,Lenovo ThinkPad Tablet 2 64GB,[],$40,$40
14164,Lenovo ThinkPad Tablet 2 64GB with Mobile Broadband,[],$88,$92
14170,Sony Xperia Tablet Z Wi-Fi Only,[],$40,$60
14168,Sony Xperia Tablet Z 16GB,[],$32,$64
14171,Sony Xperia Tablet S 16GB,[],$40,$44
14169,Sony Xperia Tablet Z 32GB,[],$40,$80
14172,Sony Xperia Tablet S 32GB,[],$40,$47.20
14173,Sony Xperia Tablet S 64GB,[],$40,$40
14174,Nintendo 2DS,$9.60,$28,$28
14177,Apple iPhone 3GS 8GB (Unlocked),$0.80,$4,$4.80
14180,Apple iPhone 4 8GB (Unlocked),$27,$65.61,$68.85
14178,Apple iPhone 3GS 16GB (Unlocked),$0.80,$4,$4.80
14181,Apple iPhone 4 16GB (Unlocked),$33.58,$60.75,$67.50
14179,Apple iPhone 3GS 32GB (Unlocked),$0.80,$4,$4.80
14182,Apple iPhone 4 32GB (Unlocked),$36.50,$60.75,$72
14185,Apple iPhone 4S 64GB (Unlocked),$45.39,$97.02,$117.66
14183,Apple iPhone 4S 16GB (Unlocked),$53.40,$96.36,$111
14186,Apple iPhone 5 16GB (Unlocked),$74.46,$121.50,$130.50
14184,Apple iPhone 4S 32GB (Unlocked),$44.50,$79.20,$93.98
14187,Apple iPhone 5 32GB (Unlocked),$74.16,$129.60,$137.60
14190,Apple iPhone 5c 32GB (Unlocked),$37,$121.50,$127.50
14188,Apple iPhone 5 64GB (Unlocked),$74.88,$145.80,$194.36
14191,Apple iPhone 5s 16GB (Unlocked),$98.60,$154,$202.44
14189,Apple iPhone 5c 16GB (Unlocked),$54.75,$121.50,$127.50
14192,Apple iPhone 5s 32GB (Unlocked),$101.43,$187.20,$201.60
14195,LG Nexus 5 (Sprint),$43.80,$85.80,$100.01
14193,Apple iPhone 5s 64GB (Unlocked),$91.77,$104.52,$112.56
14196,HTC One Max (Sprint),$24.64,$106.65,$130.72
14194,LG Nexus 5 (T-Mobile),$43.80,$105.95,$133.59
14197,HTC One Max (Verizon),$52.80,$179.33,$202.10
14200,"Kindle Fire HDX 7"" 32GB Wi-Fi",[],$32,$32
14198,BlackBerry Z30,$52.80,$163.62,$178.35
14201,"Kindle Fire HDX 7"" 64GB Wi-Fi",[],$36,$36
14199,"Kindle Fire HDX 7"" 16GB Wi-Fi",[],$24,$24
14202,"Kindle Fire HDX 8.9"" 16GB Wi-Fi",[],$52,$52
14205,Apple iPad Air 16GB WiFi,$36.80,$232,$232
14203,"Kindle Fire HDX 8.9"" 32GB Wi-Fi",[],$64,$64
14206,Apple iPad Air  32GB WiFi,$44.80,$244,$244
14204,"Kindle Fire HDX 8.9"" 64GB Wi-Fi",[],$76,$76
14207,Apple iPad Air 64GB WiFi,[],$300,$300
14210,Apple iPad Air 32GB WiFi + 4G (AT&T),[],$278.40,$278.40
14208,Apple iPad Air 128GB WiFi,$66.40,$340,$340
14211,Apple iPad Air 64GB WiFi + 4G (AT&T),[],$313.60,$313.60
14209,Apple iPad Air 16GB WiFi + 4G (AT&T),$38.40,$168,$231.20
14212,Apple iPad Air 128GB WiFi + 4G (AT&T),[],$386.40,$386.40
14215,Apple iPad Air 64GB WiFi + 4G (T-Mobile),[],$276,$276
14213,Apple iPad Air 16GB WiFi + 4G (T-Mobile),[],$179.20,$179.20
14216,Apple iPad Air 128GB WiFi + 4G (T-Mobile),[],$329.60,$329.60
14214,Apple iPad Air 32GB WiFi + 4G (T-Mobile),[],$244,$244
14217,Apple iPad Air 16GB WiFi + 4G (Verizon),$38.40,$168,$224
14220,Apple iPad Air 128GB WiFi + 4G (Verizon),[],$397.60,$397.60
14218,Apple iPad Air 32GB WiFi + 4G (Verizon),[],$283.20,$283.20
14221,Apple iPad Air 16GB WiFi + 4G (Sprint),[],$193.60,$193.60
14219,Apple iPad Air 64GB WiFi + 4G (Verizon),[],$292,$292
14222,Apple iPad Air 32GB WiFi + 4G (Sprint),[],$244,$244
14223,Apple iPad Air 64GB WiFi + 4G (Sprint),[],$322.40,$322.40
14224,Apple iPad Air 128GB WiFi + 4G (Sprint),[],$343.20,$343.20
14229,Apple iPad Mini with Retina Display 16GB WiFi,[],$140,$140
14234,Apple iPad Mini with Retina Display 32GB WiFi,[],$200,$200
14239,Apple iPad Mini with Retina Display 64GB WiFi,[],$240,$240
14244,Apple iPad Mini with Retina Display 128GB WiFi,[],$312,$312
15132,Samsung Galaxy S4 GT-i9500,$21.06,$100.62,$105.78
15135,Samsung Galaxy S4 Mini SCH-R890 (US Cellular),$6.48,$27.30,$28.70
15133,Samsung Galaxy S4 Mini SCH-i435 (Verizon),$13.77,$74.10,$88.56
15136,LG Optimus F3 (Virgin Mobile),[],$4.80,$4.80
15134,Samsung Galaxy S4 Mini SPH-L520 (Sprint),$6.48,$20.28,$27.06
15137,LG Optimus F3 (T-Mobile),[],$13.65,$15.33
15140,LG G Flex (Sprint),$40.15,$85.80,$97.82
15138,LG Optimus F3 (Sprint),[],$7.15,$8.03
15141,LG G Flex (AT&T),$51.10,$120.25,$156.22
15139,LG Optimus F3 (Metro PCS),[],$6.40,$6.40
15142,LG G Flex (T-Mobile),$51.83,$123.50,$147.46
15145,Sony Xperia Z (T-Mobile),$22.40,$66.40,$66.40
15143,LG G2 (Verizon),$26.40,$103.36,$110.60
15146,Sony Xperia Z1S (T-Mobile),$21.60,$66.40,$66.40
15144,HTC One (Verizon),$22,$111.39,$131.58
15148,Nokia Lumia 1520 (AT&T),$31.15,$141.10,$63.75
15151,Apple iPhone 5c 32GB (US Cellular),$26.64,$60.75,$63.75
15149,Nokia Lumia 520 (AT&T),[],$6.40,$6.40
15152,Apple iPod Touch 4th Generation 16GB,$10.40,$27.50,$39.50
15155,Apple iPod Shuffle 2nd Generation 2GB,[],$3.20,$4
15153,Apple iPod Shuffle 2nd Generation,[],$3.20,$3.20
15156,Apple iPod Shuffle 2nd Generation 4GB,[],$3.20,$4
15154,Apple iPod Touch 2nd Generation 64GB,$8.80,$8,$8
15160,Samsung Galaxy S5 (AT&T),$83.43,$234,$255.84
15161,Samsung Galaxy S5 (T-Mobile),$81,$239.46,$264.04
15162,Samsung Galaxy S5 (Verizon),$83.43,$239.46,$256.66
15165,HTC One M8 (T-Mobile),$50.16,$251.22,$272.62
15163,Samsung Galaxy S5 (Sprint),$76.95,$198.90,$225.50
15166,HTC One M8 (Verizon),$43.12,$215.67,$237.36
15164,HTC One M8 (AT&T),$45.76,$213.30,$236.50
15167,HTC One M8 (Sprint),$20.24,$166.69,$179.74
15168,"Samsung Galaxy Note Pro 12.2"" 64GB Wi-Fi",[],$80,$80
15171,Samsung Galaxy Light SGH-T399 (T-Mobile),[],$16.38,$17.22
15169,Samsung Galaxy SIII Mini (Verizon),[],$36.66,$38.54
15172,LG G2 (Sprint),$32.85,$65.65,$73
15175,Apple iPhone 6 Plus 128GB (AT&T),$332.50,$570,$588.05
15173,Apple iPhone 6 Plus 16GB (AT&T),$195.70,$433.20,$446.50
15176,Apple iPhone 6 Plus 16GB (Sprint),$143.45,$316.35,$316.35
15174,Apple iPhone 6 Plus 64GB (AT&T),$285,$522.50,$535.80
15177,Apple iPhone 6 Plus 64GB (Sprint),$143.45,$316.35,$316.35
15180,Apple iPhone 6 Plus 64GB (Verizon),$285.95,$522.50,$525.35
15178,Apple iPhone 6 Plus 128GB (Sprint),$143.45,$316.35,$316.35
15181,Apple iPhone 6 Plus 128GB (Verizon),$332.50,$570,$570.95
15179,Apple iPhone 6 Plus 16GB (Verizon),$190.95,$427.50,$431.30
15182,Apple iPhone 6 Plus 16GB (T-Mobile),$190,$427.50,$427.50
15185,Apple iPhone 6 Plus 16GB (Unlocked),$190,$427.50,$434.15
15183,Apple iPhone 6 Plus 64GB (T-Mobile),$285,$522.50,$522.50
15186,Apple iPhone 6 Plus 64GB (Unlocked),$285,$522.50,$532
15184,Apple iPhone 6 Plus 128GB (T-Mobile),$332.50,$570,$570
15187,Apple iPhone 6 Plus 128GB (Unlocked),$332.50,$570,$579.50
15190,Apple iPhone 6 128GB (AT&T),$285,$560.50,$580.45
15188,Apple iPhone 6 16GB (AT&T),$190.95,$404.70,$418
15191,Apple iPhone 6 16GB (Sprint),$143.45,$316.35,$316.35
15189,Apple iPhone 6 64GB (AT&T),$285,$522.50,$541.50
15192,Apple iPhone 6 64GB (Sprint),$144.40,$317.30,$317.30
15195,Apple iPhone 6 64GB (Verizon),$285.95,$522.50,$529.15
15193,Apple iPhone 6 128GB (Sprint),$143.45,$316.35,$316.35
15196,Apple iPhone 6 128GB (Verizon),$285.95,$570,$570.95
15194,Apple iPhone 6 16GB (Verizon),$192.85,$428.45,$430.35
15197,Apple iPhone 6 16GB (T-Mobile),$190,$427.50,$427.50
15200,Apple iPhone 6 16GB (Unlocked),$190,$427.50,$438.90
15198,Apple iPhone 6 64GB (T-Mobile),$285,$522.50,$528.20
15201,Apple iPhone 6 64GB (Unlocked),$285,$522.50,$537.70
15199,Apple iPhone 6 128GB (T-Mobile),$285,$560.50,$560.50
15202,Apple iPhone 6 128GB (Unlocked),$285,$560.50,$570.95
